From @NCBI Insight | Novel #coronavirus complete genome from the Wuhan outbreak now available in #GenBank | #Bioinformatics #Database #Genomics #Virus | http://bit.ly/2TlmnDx
Thailand finds #Wuhan novel #coronavirus in traveler from China http://ow.ly/dxaY30q9aQZ
Check out my latest: #China releases draft #genome of #pneumonia #outbreak #coronavirus in #Wuhan featuring #virus experts @arambaut @nycbat @TheMenacheryLab @edwardcholmes @hayesluk
It's good to see #Wuhan Municipal Health Commission posting regular updates on the new #coronavirus. This is to be applauded. http://wjw.wuhan.gov.cn/front/web/list2nd/no/710
#3 If a bro dies at the gym, put more weight on the bar, then call 911. #AmoebaRulebook
A #Chinese woman has been quarantined in #Thailand with a mystery strain of #Coronavirus just days ahead of the Lunar New Year, when Chinese tourists flock to Thailand. @WHO officials in Thailand were not immediately available for comment.
As the 1st death from the mysterious #coronavirus has been reported in #Wuhan, China, scientists have also released the first genetic sequence of the virus. @JeremyFarrar @statnews
Further China investigation into new strain of #coronavirus source ‚Äòessential‚Äô says @WHO
The outbreak of a new #coronavirus in China is a reminder that we need a globally coordinated approach to prevent infectious disease from spreading üåè The global health community still has more to do to #OutsmartEpidemics üëâ https://wellc.me/2CkHdZu | @JeremyFarrar
Reduce your risk of #coronavirus infection: 
Great timeline of #WuhanPneumonia outbreak. üëáüëá By @MackayIM @GepiSeimc @CoReSEIMC #coronavirus 
"Chinese officials report no confirmed person-to-person spread in pneumonia outbreak being investigated in that country. @CDCgov is monitoring the situation closely; reports no US cases. #coronavirus http://bit.ly/3a3OiO5"
WHO Director-General @DrTedros reportedly considering convening an IHR Emergency Committee to review whether the #Wuhan #Coronavirus #2019nCov outbreak is a Public Health Emergency of International Concern cc @RebeccaKatz5 @LawrenceGostin
Given the developments on the novel #coronavirus (2019-nC0V), @WHO Director-General @DrTedros ‚Äúis consulting with Emergency Committee members and could call for a meeting of the committee on short notice.‚Äù http://bit.ly/37ZdgMI #China #Thailand
AFD Blog `@WHO Statement on Novel #Coronavirus in Thailand' https://afludiary.blogspot.com/2020/01/who-statement-on-novel-coronavirus-in.html
WHO is working with officials in #Thailandüáπüá≠ and #Chinaüá®üá≥ following reports of confirmation of the novel #coronavirus (2019-nCoV) in a traveler from #Wuhan, China, who traveled to Thailand
New case diagnosed in Thailand. This reporting does not indicate if she visited the animal market in Wuhan or how/when she traveled to Thailand. #WuhanPneumonia #CoronaVirus 
THREAD: Lots of news in the #WuhanPneumonia outbreak in China over the weekend: 1) First reported death in a 61 year old man with underlying health issues http://wjw.wuhan.gov.cn/front/web/showDetail/2020011109036 2) Scientists shared the genetic sequence of the new #coronavirus apparently behind the outbreak.
The first case outside China? #Wuhan #Coronavirus 
#Wuhan #Coronavirus Outbreak Shows The Importance Of Sound Science, Sleuthing, And Cooperation - by @DrJudyStone A new virus is emerging in China. Its investigation has been handled more openly than before. https://www.forbes.com/sites/judystone/2020/01/11/wuhan-coronavirus-outbreak-shows-the-importance-of-sound-science-sleuthing-and-cooperation/#7432c36f1add #WuhanPneumonia
Novel #coronavirus complete #genome from the #Wuhan outbreak now available in GenBank https://ncbiinsights.ncbi.nlm.nih.gov/2020/01/13/novel-coronavirus/ via @NCBI
.@WHO announced new #coronavirus is linked to #pneumonia cases in Wuhan, City, China. First death from the virus was reported by Chinese officials on Saturday. https://bit.ly/2NmEyos
#Wuhan Municipal Health and Health Committee's report on #pneumonia of new #coronavirus infection / 2020-01-13 (translated) #Wuhanpneumonia http://bit.ly/2ZV8BIJ
First #coronavirus 2019 patient found in Thailand: Did she visit the #Wuhan market before her trip?
#Coronavirus-infected Chinese tourist being treated in Thailand 
I wonder how long it will be before there is the first case of #Wuhan #coronavirus in North America or Europe?
"#Wuhan Heath Commision now officially updates the new #coronavirus outbreak situation daily with approximately one day delay. No new cases (12/01/2020:0-24 Beijing time). Google translation: https://translate.google.com/translate?hl=en&amp;sl=zh-CN&amp;tl=en&amp;u=http%3A%2F%2Fwjw.wuhan.gov.cn%2Ffront%2Fweb%2Flist2nd%2Fno%2F710"
Read that. Statement from @JeremyFarrar @wellcometrust on the importance of #data sharing in public health emergencies. Read more on @GloPID_R Members roadmap üëá #Wuhan #coronavirus https://www.glopid-r.org/our-work/data-sharing/
#Thailand responding to the novel #coronavirus 
New case of the novel #coronavirus in Thailand. Sharing of the sequence data was an important step to allow other countries to be prepared to detect this virus. 
"A mystery respiratory virus which emerged in China at the beginning of the year has been found in Thailand, raising fears that the disease is not being contained | @annegulland &amp; @sneweyy @WHO | @JonathanKBall | @LSHTM | @jenneratingVacc | #coronavirus "
China pneumonia outbreak scaled back as SARS-like virus found https://www.bloomberg.com/news/articles/2020-01-13/china-pneumonia-outbreak-scaled-back-as-sars-like-virus-found via @business #Coronavirus #Wuhan
WHO statement on novel #coronavirus in #Thailand https://www.who.int/news-room/detail/13-01-2020-who-statement-on-novel-coronavirus-in-thailand
Novel coronavirus (from Wuhan) now identified in Thailand. #IDtwitter #coronavirus https://www.who.int/news-room/detail/13-01-2020-who-statement-on-novel-coronavirus-in-thailand
First case of new #coronavirus outside of #Wuhan
Update on #coronavirus : 
WHO is working with officials in #Thailandüáπüá≠ and #Chinaüá®üá≥ following reports of confirmation of the novel #coronavirus (2019-nCoV) in a traveler from #Wuhan, China, who traveled to Thailand
The outbreak of a respiratory illness caused by a new strain of #coronavirus in Wuhan is not spreading to new areas and no human-to-human transmission has been reported, according to WHO. https://bit.ly/2Rdf8KV
Thailand says a traveler from #China was infected with novel #coronavirus but has since recovered and well enough to go home https://www.bloomberg.com/news/articles/2020-01-13/china-pneumonia-outbreak-scaled-back-as-sars-like-virus-found via @business #Wuhanpneumonia
"New #Virus Discovered by Chinese Scientists Investigating Pneumonia #Outbreak @WSJ ""Chinese scientists investigating a mystery illness that has sickened dozens in central China have discovered a new strain of #coronavirus..."" "
#4 If there is a spider in the room, pack your things, evacuate and move. Plenty of houses elsewhere. #AmoebaRulebook
On 13 January 2020, the üáπüá≠#Thailand‚Äôs Ministry of Public Health @pr_moph reported the first imported case of lab-confirmed novel #coronavirus (2019-nCoV) from #Wuhan, #Chinaüá®üá≥ http://bit.ly/2uOEirX
"""There are many similarities to SARS and MERS. The experience that we have with SARS and with MERS, the experience of our Member States with these pathogens, have all prepared us for this. This is not unexpected."" @WHO provides an update on the #coronavirus in #Wuhan, #China."
#UMN's Michael Osterholm: Wuhan has all the ingredients for a coronavirus outbreak..a big, densely populated city with live animal markets where people and possibly infected pigs, bats or other mammals mingle. @CIDRAP @PublicHealthUMN #wuhan #Coronavirus 
Canadian study on risk of travel transmission of new China #coronavirus 
There is no confirmed person-to-person spread of illness in the pneumonia outbreak reported in China. @CDCgov reports no US cases. We are monitoring the situation closely. #coronavirus https://bit.ly/2FIrzJn
environmental samples in the concerned market found #coronavirus positives #WuhanPneumonia https://twitter.com/cmyeaton/status/1217119607950987264
A novel #coronavirus has been identified in 41 people in Wuhan City, Hubei Province of #China.
Read the newest #ECDC update on #Wuhan #pneumonia associated with a novel #coronavirus ‚¨á 
"Update on #Wuhan City #pneumonia, associated with a novel #coronavirus: 41 cases tested positive as of 13 January 2020; 7 discharged, 6 in treatment, one died. 13/01 #Thailand reported a confirmed imported case - a tourist from Wuhan. Read more: http://bit.ly/2QVQX53"
Kudos to #Chinese researchers who shared draft #genome of #coronavirus implicated in #Wuhan #pneumonia #outbreak
"A new strain of #coronavirus in China has now been identified in Thailand. ""It's very important that the sequence is shared not only for confirming cases but also for developing diagnostic tests."" David Heymann comments in @TelGlobalHealth üëá"
Risk of novel coronavirus transmission via commercial air travel at the Journal of Travel Medicine. Large Asian cities have greatest probability of importation. https://tinyurl.com/v5dvfsj #Wuhan #coronavirus #IDtwitter
A virus so close to SARS, it is not unlikely to be capable to H2H transmission. Also mild cases could go undetected so the real risk of ongoing transmission will only be assessed with a diagnostic test #coronavirus 
Preliminary investigations conducted by the Chinese authorities have found no clear evidence of human-to-human transmission of the novel #coronavirus (2019-nCoV) identified in #Wuhan, #Chinaüá®üá≥.
There has been ‚Äúlimited‚Äù #human-to-human transmission of a new #coronavirus that has struck in China, mainly small clusters in families, but there is potential for wider spread, the WHO said on Tuesday. #Wuhan
Rapid identification of novel #coronavirus in #Wuhan #pneumonia outbreak shows how pathogen #Genomics transforming infect dis control. @AfricaCDC meeting w/partners this week to discuss how to strengthen evidence, capacity, policy for pathogen genomics in Africa @jennifergardy
The first novel #coronavirus (#nCoV) infection has been detected outside of China, in a woman who traveled from #Wuhan to Thailand http://www.cidrap.umn.edu/news-perspective/2020/01/thailand-finds-wuhan-novel-coronavirus-traveler-china #WuhanPneumonia
.@CIDRAP/ @lisaschnirring : #Thailand finds #Wuhan novel #coronavirus in traveler from #China @MattFrieman http://bit.ly/2FP9JVj
New #coronavirus strain identified in Thailand. @WHO calls on countries to monitor and prepare for possible further cases
First paper on the novel #coronavirus 
Japan strengthens medical screening as it braces for an influx of Chinese visitors for the Lunar New Year. #Lunarnewyear #springfestival #coronavirus 
#Wuhan Municipal Health Commission: Questions and answers on #pneumonia outbreak of new #coronavirus infection #WuhanCluster http://bit.ly/2TrPJ2X
#Wuhan's health authority said people in close contact with the traveler to #Thailand, who was confirmed to have been infected with the new #coronavirus, were under medical observation and no abnormality has been found. http://bit.ly/30iE6Ni
How to reduce risk of #CoronaVirus infection: 
Civet cats, too. Wonder about a intermediate host that facilitate transmission through amplification #coronavirus #wuhan #china
...‚Äúmany merchants selling #tiger frogs, #snakes, #hedgehogs, and other animals in the South China ‚Äû...what about bats? #coronavirus #Wuhan #China Promed Post ‚Äì ProMED-mail https://promedmail.org/promed-post/
#Wuhan Municipal Health Committee update, January 14 #coronavirus 
AFD BLog `Wuhan Health Commission Q&A On Outbreak Investigation' #Coronavirus https://afludiary.blogspot.com/2020/01/wuhan-health-commission-q-on-outbreak.html h/t @FluTrackers
A traveler from China has been infected with the new strain of #coronavirus in Thailand, the first confirmed case of the virus found outside of China. 
#Wuhan Municipal Health and Health Committee's report on #pneumonia of new #coronavirus infection 2020-01-14 
AFD Blog `Wuhan Health Commission Update (Jan 14th) - No New Cases' #nCoV #Coronavirus https://afludiary.blogspot.com/2020/01/wuhan-health-commission-update-jan-14th.html
Words from @WHO this moment. #coronavirus 
AFD Blog `Reuters Report: WHO Warns On `Limited Human-to-Human' Spread of Novel #Coronavirus' https://afludiary.blogspot.com/2020/01/reuters-report-who-warns-on-limited.html
"World Health Organization, who recently named #ChinesePneumonia ""#coronavirus (2019-nCoV)"", warned that the disease can be spread between humans, urging hospitals to prepare for possible super-spreading event. Source: RTHK https://news.rthk.hk/rthk/ch/component/k2/1502763-20200114.htm"
#NSTworld: There has been ‚Äúlimited‚Äù human-to-human transmission of a new #coronavirus that has struck in #China, mainly small clusters in families, but there is potential for wider spread, the @WHO said on Tuesday. https://www.nst.com.my/world/world/2020/01/556503/who-says-new-china-virus-could-spread-its-warning-all-hospitals @KKMPutrajaya
Me: They‚Äôve got a #coronavirus. Them: but they‚Äôre really sick Me: They can make you sick, did you find another cause? Them: No, but we‚Äôll keep looking. Me: *in my head* fine, don‚Äôt phone me when they‚Äôve been to the Middle or Far East. Time to reassess all coronaviruses?
A female tourist from the central Chinese city of Wuhan has been confirmed as the first person in Thailand infected with new strain of virus from same family as SARS and MERS according to China State Media #coronavirus
FYI the media transparency in China #WuhanPneumonia #coronavirus 
Something to keep an eye on is the expected increase in travel in the region for #LunarNewYear #WuhanPneumonia #coronavirus 
Thailand reports case of new #coronavirus from China #Wuhan http://bit.ly/2Rcnhzj
#Repost who „Éª„Éª„Éª This is how you can reduce your risk of #coronavirus infection https://www.instagram.com/p/B7R3y3kHtvy/?igshid=11ldoj91hazlx
International Journal of Infectious Diseases: The continuing epidemic threat of novel coronaviruses to global health - the latest novel #coronavirus outbreak in #Wuhan, #China #WuhanPneumonia #WuhanCluster @ISID_org http://bit.ly/30mm2lt
Second family cluster found in Wuhan novel #coronavirus outbreak 
#Wuhan #pneumonia confirmed for the first time in Japan #coronavirus h/t @rebelfd @drannehuang
DYK? CDC labs can test for the 2019 novel #coronavirus (#2019-nCoV) by sequencing virus genes from clinical specimens and comparing them against the genetic sequence provided by China. @CDCgov is working to develop faster test to detect the virus. http://bit.ly/2sw3in2
#5 We don't get head, we get left on read. #AmoebaRulebook
CDC continues to monitor this ongoing investigation to learn more about this rapidly evolving outbreak #coronavirus. #2019-nCoV https://www.cdc.gov/coronavirus/novel-coronavirus-2019.html
"China's #WuhanPneumonia leaves unanswered questions. The new strain of #coronavirus has spread to Thailand via a Chinese tourist &amp; has cast a shadow over Lunar New Year celebrations as millions prepare to travel. https://www.cnn.com/2020/01/15/asia/wuhan-virus-questions-intl-hnk/index.html"
#Wuhan #pneumonia: A timeline #coronavirus 
The US @StateDept warned Americans in #China about an outbreak of #WuhanPneumonia believed to be caused by a new strain of #Coronavirus, and which has killed 1 person. 
#CORONAVIRUS =142 üåê CHINA FLU =142 üá®üá≥ Every Single Year @WHO Creates a Disease for Depopulation BIRD FLU, SWINE FLU, SARS, ZIKA, etc etc Big Pharma is complicit in the #Crime üöî @CDCGlobal
A very nice and clear explanation on the possibility of h2h transmission #coronavirus https://virologydownunder.com/some-human-to-human-transmission-isnt-surprising-in-wuhan/ via @MackayIM
Follow, like and join us on our social platforms and stay updated on #NHINow
"""It doesn‚Äôt seem to be a virus that‚Äôs rapidly and easily transmitted in the human population, though this does raise the stakes slightly."" Jimmy Whitworth comments on the latest news regarding Wuhan #coronavirus reaching Thailand in @TelGlobalHealth üëá"
That's exactly why @GloPID_R has been created. Putting together major research funders to develop synergies in order to prepare for the next #Outbreak #Wuhan #WuhanPneumonia #coronavirus 
First validated diagnostic real-time PCR for the detection of #Wuhan #coronavirus made available by our institute and recommended by #WHO #ChariteVirology #nCoV-2019 ‚Å¶@vmcorman‚Å© ‚Å¶@ChariteBerlin‚Å© https://www.who.int/health-topics/coronavirus/laboratory-diagnostics-for-novel-coronavirus
Specific real-time RT-PCRs for the novel #coronavirus developed at an amazing speed by the Drosten lab @vmcorman @virologybonn @MarionKoopmans #SARS works as positive control. Great job! https://www.who.int/docs/default-source/coronaviruse/wuhan-virus-assay-v1991527e5122341d99287a1b17c111902.pdf?sfvrsn=d381fc88_2
#HK health officials say it‚Äôa ‚Äòpossible‚Äô a new #coronavirus causing a #pneumonia outbreak in #Wuhan can be transmitted between humans - although there‚Äôs no ‚Äúdefinite evidence‚Äù showing so. They‚Äôre speaking after meeting national health officials in Wuhan over the issue.
A protocol released for diagnostic detection of #Wuhan #coronavirus 2019 by real-time RTPCR https://www.who.int/docs/default-source/coronaviruse/wuhan-virus-assay-v1991527e5122341d99287a1b17c111902.pdf?sfvrsn=d381fc88_2 #WuhanPneumonia
Second family cluster found in #Wuhan novel #coronavirus outbreak http://ow.ly/p5uT30q9Noz #nCoV2019
RT @WHO: How to handwash? Use üßº and water for at least 40-60 seconds How to handrub? Use alcohol-based handrub üß¥ for 20-30 seconds #coronavirus 
The latest Emergency Management Times! https://paper.li/lawscomm/1326842994?edition_id=ee5199d0-37cd-11ea-97ff-0cc47a0d1609 Thanks to @pioneergirl08 @wildfirediva @dhillon100 #coronavirus #auspol
Hong Kong: CHP closely monitors confirmed case of infection of novel #coronavirus in Thailand 
The U.S. State Department (@StateDep) issues notice to American citizens in China of the recent pneumonia outbreak due to the #coronavirus, ahead of a heavy travel period in the country for the Lunar New Year. https://nyti.ms/30oWEvl
Great article from @IDSAInfo member on the #WuhanPneumonia outbreak, which has been confirmed as a novel #coronavirus: The country‚Äôs response to this outbreak has been far better than to SARS, although even more information-sharing is important. 
WHO, China differ as #coronavirus spills over to Thailand https://www.downtoearth.org.in/news/health/who-china-differ-as-coronavirus-spills-over-to-thailand-68814
.@SCMPNews #China #coronavirus outbreak: five members of two families among 41 people infected in Wuhan China coronavirus outbreak #WuhanCluster http://bit.ly/36XPZKT
.@WHO is now warning the #coronavirus, found in China, could spread around the globe. 
Important Information regarding #novel #coronavirus in #Wuhan and the clinical status of those with sever disease
The continuing epidemic threat of novel coronaviruses to global health - the latest novel coronavirus outbreak in Wuhang, China. Read this editorial in the International Journal of Infectious Diseases here: http://bit.ly/2QVAhKQ #Wuhang #Coronavirus
Under-reported and much more important than many of the news you read this week. #health #coronavirus #WHO #respiratoryinfection #outbreak #wuhan #epidemic
If you want to know about the situation of the #coronavirus (2019-nCoV) from #Wuhan, #Chinaüá®üá≥ Listen here!üëá#WednesdayWisdom
"WHO statement on novel #coronavirus in #Thailand ‚û° ""It is essential that investigations continue in #China to identify the source of this outbreak and any animal reservoirs or intermediate hosts"" üì∞ http://ow.ly/F7Jk50xVPf3"
"""The #Wuhan outbreak is a stark reminder of the continuing threat of zoonotic diseases to global health security"" #coronavirus #NovelCoronavirus #nCoV #zoonoses #zoonosis"
If anyone close to you has just returned from #China, #Wuhan city in particular, and begins to show symptoms of a fever, cough, sore throat, shortness of breath, difficulty breathing, they should see a doctor as early as possible to receive proper treatment. #coronavirus 
Authorities of China's Wuhan admit new coronavirus can transmit human-to-human http://www.bernama.com/en/world/news.php?id=1806840 #coronavirus 
The Chinese traveler to Thailand confirmed infected with novel #coronavirus is recovering from illness in #Wuhan, Central China's Hubei Province: #WHO http://bit.ly/2Tp1o2s
First Case Of Mysterious #Coronavirus Confirmed Outside Of #China https://buff.ly/2QRLonY #healthoutbreak #Thailand #disease
Avian Flu Diary: Wuhan Health Commission Q&A On Outbreak Investigation http://dlvr.it/RN3t1V #chinapneumonia #coronavirus #nCov2019
"59 people have been sickened in Wuhan, and possible cases have been reported in Hong Kong and South Korea https://ti.me/2umVu7G?utm_source=twitter.com&amp;utm_medium=social&amp;utm_campaign=social-share-article #Coronavirus"
"#10km3x2 map #infectiousDiseases | #coronavirus | News Today - Live Updates, All Latest News &amp; Headlines "
A Chinese tourist was diagnosed with pneumonia caused by a new corona-virus in Thailand. The patient, from Wuhan, is currently undergoing treatment with a stable condition. #thailand #china #coronavirus #2019nC0V #wuhan #pneumonia #tourism #WHO Source: http://on.cc
"NSW emergency departments just received an alert regarding the ""outbreak of pneumonia suspected to be caused by a novel coronavirus infection in Wuhan, China"" Risk of cases in Aus remains low but close eye required #coronavirus @BloombergAU @Reuters @FinancialReview"
Q&A: How dangerous is China‚Äôs latest viral outbreak? https://www.ft.com/content/7a80b8c6-362c-11ea-a6d3-9a26f8c3cba4?segmentid=acee4131-99c2-09d3-a635-873e61754ec6 #coronavirus
#coronavirus confirmed in a new case in Thailand, as condirmed by WHO. @DOHgov
"The world has been waiting for more word from #China about the #pneumonia cluster at #Wuhan; a bunch came out late last night. Official confirmation they've sequenced a full #coronavirus (!!!) &amp; found evidence of it in 15 people."
Lived in #Toronto during the #SARS outbreak... it was not pretty...#healthcare #coronavirus 
Where the hell did this come from... #virus #coronavirus #pneumonia #China
#Coronavirus, #JCPOA splits the #EU while Iran warned them and The trillion dollar '#GreenNewDeal' #irandeal https://youtu.be/Kj5aKWBlhg8
#China: In #Wuhan, 41 people have been diagnosed with #novel #coronavirus, which likely came from animals. The World Health Organisation (#WHO) said six of them were severely ill, one with underlying...
First case of pneumonia-like virus reported outside China via @BBCNews https://www.bbc.com/news/world-asia-china-51108726 #China #Thailand #WHO #health #healthcare #coronavirus #pneumonia #science #research #travel #travellers
A 2nd person has died in China from a new #pneumonia-like #coronavirus. The death was recorded in #Wuhan, where the outbreak began in December. Meanwhile, Japan confirmed its 1st case of the virus - the 2nd country outside China after Thailand to do so. https://www.bbc.com/news/world-asia-china-51141007
In response to the 2019 novel #coronavirus (#2019-nCoV), @CDCgov is working to develop a test to detect the virus which will be shared with public health partners here and abroad. https://bit.ly/2FIrzJn
Novel #coronavirus in Wuhan-full IJID editorial available here: https://www.sciencedirect.com/science/article/pii/S1201971220300114 @ISID_org
The üáØüáµJapanese Ministry of Health, Labour and Welfare @MHLWitter, today informed WHO of a confirmed case of a novel #coronavirus (2019-nCoV) in a person who travelled to #Wuhan, #Chinaüá®üá≥ http://bit.ly/36YREzW
China identifies new type of virus behind mystery disease outbreak http://dlvr.it/RN9ss9 #China #virus #outbreak #coronavirus #pneumonia
#Japan‚Äôs government said a man returning from #China has tested positive for the new #Coronavirus identified as a possible cause of the outbreak of #WuhanPneumonia.
Pay attention to this viral outbreak it‚Äôs happening very quickly #coronavirus
Cases of #pneumonia linked to #coronavirus rose to 41, 2 dead: local authority in C China's #Wuhan
Led by Prof. Dr. Christian Drosten, researchers from #Charit√©Berlin have developed the first diagnostic test for the novel #coronavirus in China. Their assay protocol has now been published by @WHO. https://bit.ly/30pjbIi #nCoV2019 #ChariteVirology @DZIF #WuhanPneumonia
1/3 Here‚Äôs just how deadly the #CoronaVirus can be 1. Originated from China 11 days ago 2. Today confirmed in Japan and Thailand. (41) people originally confirmed infected with the initial outbreak in China. (1) 61 yr old male died. That‚Äôs a 2.439% death rate based on stats
#Japan confirmed the first case of #infection from the new China #coronavirus that has killed one person and prompted a travel alert from the US State Department. 
What about medical aids #NHINow @DrZweliMkhize @HealthZA
Reduce your risk of #coronavirus infection: 
The power of @ProMED_mail to help rapidly disseminate critical information about emerging infectious diseases such as the novel #coronavirus üëèüëèüëè @ISID_org
Don‚Äôt wanna tweet too much about it but I think we are in the early stages of a major virus outbreak Seen some crazy shit and looks like they are trying to contain it. Bad timing considering the huge travel during Chinese New Year üßß celebrations #SARS #CoronaVirus
#Japan is 3rd country to report a case of the novel #Wuhan #coronavirus, after #China and #Thailand. Patient did not visit the Huanan seafood market. Is this evidence of human-to-human transmission? #WuhanPneumonia
Japan reported its 1st case of a new #coronavirus that has sickened 41 people in China, adding to concerns about the spread of the virus ahead of the Lunar New Year travel season. The patient was in #Wuhan but did not visit seafood markets in China.
#Japan confirms 1st case of infection with new #coronavirus from #China #WuhanPneumonia #WuhanCluster #Wuhan
"Japan has 1st novel #coronavirus case; China reports another death #2019-nCoV https://bit.ly/3akIOP1"
"""The continuing 2019-nCoV #epidemic threat of novel coronaviruses to global health ‚Äî The latest 2019 novel #coronavirus outbreak in #Wuhan, China."" Read the editorial in our International Journal on Infectious Diseases #IJID @IDAdvance"
#6 Sneakers is never the answer. Sneakers is the question, and yes is the answer. #AmoebaRulebook
WHO warns of an outbreak of #coronavirus, which can cause illnesses ranging from the common cold to MERS and SARS. http://ms.spr.ly/6019TkVi9
Japan has confirmed its first case of #pneumonia caused by a new #coronavirus from China, the health ministry said Thursday. http://bit.ly/3agodeL #globalhealth
second dead case. #coronavirus #WuhanPneumonia #ncov
If you are interested in public health or infectious disease, be sure to watch how this unfolds. #HMB342 #coronavirus 
The coronavirus from Wuhan was detected in Japan - the person did not visit the seafood market in Wuhan. Unanswered questions: What is the source? What is the efficacy of human-to-human transmission? https://tinyurl.com/qmuapsy #Wuhan #coronavirus
What happens between now and the #NHI #NHINow @DrZweliMkhize @HealthZA
New case of the novel #coronavirus detected in Japan. @WHOWPRO said 'It is not surprising that there are cases outside of China, and it is possible that there will be cases in other countries in the future.' This is where all the preparation comes into action.
#NHI is about Ubuntu- taking care of each other as a nation #NHINow
The health ministry (@MHLWitter) confirms the first case of the new coronavirus in Japan. https://the-japan-news.com/news/article/0006292074 #coronavirus #MHLW
More spread from China. Hopefully the public health machine can contain this before the virus figures out efficient human to human transmission. Not a good race to be in. #WuhanPneumonia #coronavirus #emergingvirus
Japan confirmed its 1st case of infection with the new #coronavirus that is responsible for #WuhanPneumonia in China. A Chinese national who traveled to Wuhan has tested positive in Japan. The virus has infected dozens of people in China since December. https://www.japantimes.co.jp/news/2020/01/16/national/science-health/japan-first-coronavirus-case/#.Xh_US8hKiM8
#Japan confirms first case of new #coronavirus. A man living in Kanagawa, Japan has been diagnosed with #pneumonia after his return from a trip to #Wuhan in central China, NHK reported Wednesday. (File photo: Xinhua)
Okay so now we have spread of the #WuhanPneumonia to #Thailand and #Japan. I wonder how many other places it has spread? #Wuhan #coronavirus 
#Japan confirms first case of infection with the new #coronavirus from #China.
Just a thought: I am wondering how many people turn out to have an asymptomatic n-CoV/ novel #Coronavirus infection.
Second family cluster found in #Wuhan novel #coronavirus outbreak #WuhanCluster #WuhanPneumonia
Interesting report from Neil Ferguson's group at @imperialcollege suggesting the Wuhan novel #coronavirus has caused a much higher number of cases (1,700+), based on air travel data out of Wuhan and the number of travelers identified as infected. 
As Thailand notes 2nd nCoV case, CDC begins airport screening http://ow.ly/M4oV30qalyv #coronavirus #nCoV2019
Travelers from central #China at #LAX, #SFO and #JFK to be screened from today for new #coronavirus. 
BREAKING: Travelers at 3 U.S. airports to be screened for new, potentially deadly Chinese virus. Applies to passengers on direct and connecting flights from central Chinese city of Wuhan. My story. #coronavirus (will be updated.) https://www.washingtonpost.com/health/2020/01/17/coronavirus-us-airports-screening/
Q: What is a #coronavirus? A: Coronaviruses are a large family of viruses that are known to cause illness ranging from the common cold to more severe diseases such as Middle East Respiratory Syndrome (MERS) and Severe Acute Respiratory Syndrome (SARS) http://bit.ly/2tMEBmu
4 new cases in wuhan...quarantine apparently cant capture all... #coronavirus #WuhanPneumonia #ncov2019
What about the public healthcare system? The public healthcare system is overwhelmed due to medical professionals flooding the private market. 80% of the country‚Äôs specialists are in the private sector serving only 16% of the population.
#ECDC risk assessment on the novel #coronavirus. #nCoV2019 has been isolated and considered the causative agent of: ‚ñ™ the cluster of 41 #pneumonia cases in the area of #Wuhan, China ‚ñ™ three travel-related cases in #Thailand and #Japan. Read the report: http://bit.ly/2NEftpg
WHO says new mysterious China #Coronavirus / Wuhan Pneumonia could spread. WHO informed the Health Ministry #SriLanka and other countries which are frequently visited by Chinese tourists and nationals to be cautious of the virus. #HealthSL #LKA http://www.dailymirror.lk/breaking_news/WHO-warns-SL-to-beware-of-Wuhan-Pneumonia/108-181391#.XiHZsMsAAyc.twitter
"A short escape from the lab work: Today, I will give a talk about ""Bats and zoonotic diseases"" at #Tier√§rztekongress #10LTK @leipzigermesse Thanks @MackayIM, it was easy to include slides about #WuhanPneumonia #nCoV2019 #Wuhan #Coronavirus"
A health counter with thermal scanner operationalized at Chhatrapati Shivaji #Mumbai International Airport, subsequent to advisory of @MoHFW_INDIA issued today regarding precautionary measures for Novel #coronavirus. @PMOIndia @drharshvardhan @AshwiniKChoubey @MoCA_GoI
Size of Wuhan outbreak of a novel #coronavirus estimated from the three cases detected outside China: Likely to be over 1000 cases. @imperialcollege @mrc_outbreaks report released today üî∞ https://www.imperial.ac.uk/mrc-global-infectious-disease-analysis/news--wuhan-coronavirus/
Display to travellers advising regarding #coronavirus activated at #Kolkata airport, subsequent to the advisory issued today by @MoHFW_INDIA. #SwasthaBharat @PMOIndia @drharshvardhan @AshwiniKChoubey @MoCA_GoI @AAI_Official @NITIAayog @PIB_India
The Ministry has advised travellers to follow good personal hygiene, avoid travel to farms, live animal markets or where animals are slaughtered etc https://trib.al/J9dbuzs #coronavirus
#ICYMI: Japan üáØüáµ confirmed a case of novel #coronavirus (2019-nCoV) in a person who travelled to Wuhan, China. This is the second confirmed case of 2019-nCoV that has been detected outside of China. 
Health Ministry reviews preparedness for Novel Corona Virus (nCoV). #coronavirus https://pib.gov.in/PressReleaseIframePage.aspx?PRID=1599665 @PMOIndia @drharshvardhan @AshwiniKChoubey @NITIAayog @PIB_India @DDNewslive @MoCA_GoI
Just in | Health ministry issues travel advisory for those travelling to China after one person each in Thailand and Japan have reportedly tested positive for the #coronavirus after returning from China. - @BShajan reports
Health Ministry issues advisory to travellers visiting #China in view of #CoronaVirus outbreak 
Novel #coronavirus outbreak in #China: Travel Advisory to travelers visiting China. @PMOIndia @drharshvardhan @AshwiniKChoubey @PIB_India @NITIAayog @MoCA_GoI @MEAIndia
"Thanks @suilee for cautious but thorough reporting on #coronavirus #pneumonia unfolding in China @IDSAInfo all eagerly awaiting genetic sequencing &amp; key info on transmission scenarios given absence of Wuhan market in latest cases"
We need drugs for coronavirus...like now. See the link below for some context and some sciart that I made. Fun. #sciart #scicomm #blogs #WuhanPneumonia #coronavirus #bats #zoonoses
Have you heard about the new virus detected in #China üá®üá≥ ? The #coronavirus are a large family of viruses that cause illness ranging from the common cold to more severe diseases. üëâ Learn more: https://bit.ly/2thLaO4 #HealthForAll @WHO @UN
The US start reacting to the #coronavirus from #Wuhan. In less than 20 days after a case of pneumonia in China, tho outbreak is getting high attention all over the world. Worrying. @ifrc
CDC Announces Entry Screening to Begin at LAX, SFO and JFK for Novel Coronavirus | Global Biodefense http://bit.ly/38dN9Sr #2019nCOV #ChinaPneumonia #coronavirus 
#7 The best way to get over someone, is to get under someone else. #AmoebaRulebook
‚ÄúThree U.S. Airports to Screen Passengers for #Chinese #Coronavirus: https://www.nytimes.com/2020/01/17/health/china-coronavirus-airport-screening.html Passengers from #Wuhan, China, will screened for infection at J.F.K. beginning Friday night, and in San Francisco and Los Angeles starting Saturday.
The CDC will start screening passengers arriving from Wuhan, China at JFK, LAX and SFO for symptoms of #WuhanPneumonia, the novel #coronavirus that has sickened more than 45 people, with 2 deaths. 
'Scientists fear up to 4,500 Chinese patients may have caught the new #coronavirus as health chiefs in Wuhan confirm four more cases.' 
"With reports that the novel #coronavirus discovered in Wuhan City, China, has been confirmed in Thailand &amp; now Japan, IDSA Global Health Committee Member Daniel Lucey, MD, FIDSA, continues providing outbreak updates on the @SciSpeaksBlog."
New China virus spurs 24-hour output of surgical masks in Japan https://s.nikkei.com/2R1Vzq4 #coronavirus #health
How will you access medical services under NHI? Hospital services will be accessed through upward and downward referrals from Primary Health Care level to hospital level care. At district hospitals, there will be a team of health care practitioners at a General Practitioner (GP)
What services are covered? It will range from primary health care to specialized tertiary & quaternary levels of treatment. Benefits will cover preventive, promotive, curative & rehabilitative healthcare services. emphasis will be on preventing disease & promoting health.
Really interesting analysis. Modelling suggests that there may be over 1000 cases linked to the outbreak in #Wuhan of the novel #coronavirus. 
"""The continuing 2019-nCoV #epidemic threat of novel coronaviruses to global health ‚Äî The latest 2019 novel #coronavirus outbreak in #Wuhan, China."" Read the editorial in our International Journal on Infectious Diseases #IJID @IDAdvance https://www.sciencedirect.com/science/article/pii/S1201971220300114?via%3Dihub"
The team from @Imperial_JIDEA have estimated the potential number of novel #Coronavirus cases in #Wuhan City, China. Read the report at http://ow.ly/uBiF50xYaaT
What you need to know about a new strain of #coronavirus ‚Äî named 2019-nCoV ‚Äî that has been discovered in China: https://n.pr/2tr2yA2 #Wuhan #WuhanPneumonia #globalhealth
A patient in Japan is now confirmed as having the new #coronavirus identified in #China. Click for full article by @Wiguthro https://www.statista.com/chart/20475/coronavirus-outbreak-in-china/
Novel #coronavirus: #Thailand reports 2nd confirmed case
Novel #coronavirus outbreak in #China: Travel Advisory to travelers visiting China. @MoHFW_INDIA
2nd case of #nCoV2019 found in #Thailand and one reported yesterday in #Japan. Curious if there is some sort of limited h2h transmission of the #Wuhan #Coronavirus. 
The new #Coronavirus that's taking people's life in China and Japan. 
Oh snap @Crypto_Bitlord was not trolling us bout that #coronavirus , be safe... 
first diagnostic test for the novel #coronavirus in China #nCoV2019
Anyone else see #coronavirus and think it was from drinking too many Coronas 
Who will be covered by #NHI #NHINow @HealthZA @DrZweliMkhize @MpuHealth1 @GautengHealth @WHO #UHC
First 'China coronavirus' case confirmed in Japan - more at https://thethaiger.com/thai-life/well-being/first-china-coronavirus-case-confirmed-in-japan #Wuhan #Virus #coronavirus #Japan #Tokyo #Patient #China As Thailand's airports continue screening passengers arriving from China, Japan has confirmed its first case of the new China coronavir...
No cause for concern about #Wuhan virus in #Singapore for now: Infectious diseases physician https://youtu.be/WJAk1WCdBms #pneumonia #coronavirus #nCoV via @channelnewsasia
#Editorial : The risk of ''limited human-to-human transmission'' https://news.mingpao.com/pns/%E8%8B%B1%E6%96%87/article/20200117/s00017/1579198721006/editorial-the-risk-of-limited-human-to-human-transmission #HongKong #Wuhan #pneumonia #coronavirus #nCoV via @mingpaocom
WARNING ‚ö†Ô∏è #WHO #coronavirus #SARS #ChineseNewYear #chinesePneumonia pic.twitter.com/7CMHyfFbf5
The World Health Organization says one case of novel coronavirus (2019-nCoV) has been recorded in Japan. The patient travelled to Wuhan, China. Not much is known about the new #coronavirus to determine how it is transmitted. üì∑ @WHO
Health authorities prepare CNY contingency plans for #Wuhan outbreak https://macaudailytimes.com.mo/health-authorities-prepare-cny-contingency-plans-for-wuhan-outbreak.html #Macau #pneumonia #coronavirus #nCoV via @MacauDailyTimes
"ICYMI: ""WHO issues warning after 'mysterious' Chinese coronavirus spreads to Japan"" - @TwitterMoments: https://twitter.com/i/events/1217928133917044736 #Health #coronavirus #Japan #Mystery"
#coronavirus which Plague Inc player named this?
Be careful #tourist while visiting #China because of #coronavirus. It's a large family of #viruses that cause illness ranging from the common cold to more severe #diseases. #Bloggers #traveltips #travelblogger #travelblog #airtravel #journey #backpacker
Asked if the guy who is under quarantined for suspected #nCoV visited seafood,Wuhan,which is widely believe to be source of nCoV, but he denied,meaning it mayb spreading human to human, but his relatives so far fine. #Tropmed #WuhanPneumonia #NTDs #Infection #coronavirus #vaccine
"Japan has 1st novel #coronavirus case; China reports another death via @CIDRAP"
‚ÄúWHO warns of #coronavirus spreading to Japan‚Äù I dunno who.
as Australian cities & health services struggle with poor air quality and impacts, I'm alert to @WHO warning of unknown #coronavirus. I may have played too many disaster response board games. 
Oh that‚Äôs not good. #coronavirus 
"#CHINA #CORONAVIRUS ""WHO issues warning after 'mysterious' Chinese coronavirus spreads to Japan"" "
#coronavirus is a type of #SARS üò∑
"Well 2020 you‚Äôve been weird already let‚Äôs hope the decade doesn‚Äôt follow suit! #USAVSIRAN tensions, massive earthquakes in Puerto Rico &amp; Iran. #Australia burns,measles kills 6k in Congo &amp; deadly mystery #Chinese #coronavirus pops up in #Japan as #WHO warns it could spread üåç"
Coming up @NBCNightlyNews - the CDC is implementing passenger screenings at three major US airports after the outbreak of a deadly new virus in China. #coronavirus #lax
Los Angeles International Airport is now screening passengers arriving from Wuhan, China, for symptoms of a mysterious, deadly new virus. #lax #coronavirus @NBCNightlyNews
Public health screenings begin at 3 #US airports to detect ill travelers traveling to the #UnitedStates on direct or connecting flights from #Wuhan, #China in response to an outbreak of novel #coronavirus (2019 nCoV) @MischaEDM @robert_spalding @Jkylebass https://www.cdc.gov/media/releases/2020/p0117-coronavirus-screening.html
"‚ö†Ô∏èMore than 100 @CDCgov staffers are being deployed to 3 US airports to screen passengers from Wuhan #China for ""2019 Novel #Coronavirus"" (SARS family). Only once since 1996 has CDC performed routine passenger health screening: during the 2014 #Ebola outbreak. @MelissaJPeltier"
.@WHO .@xcyale .@CHPAMS .@XHNews Maybe #China needs to #Stop their #Filthy #Heinous #DogCatMeatTrade #coronavirus #CoronaDogVirus https://p.dw.com/p/3Vute?maca=en-Twitter-sharing China's mysterious outbreak could be new virus, WHO says
"The number of people already infected by the new #pneumonia emerging in China is greater than official figures suggest, say UK experts. There have been &gt; 60 confirmed cases of the new #coronavirus, but the experts estimate a figure nearer 1,700. https://www.bbc.com/news/health-51148303 #Wuhan"
#China reported four more cases of pneumonia believed to be caused by a new #coronavirus strain, causing rising concern globally that a disease health officials do not yet fully understand could spread during a key holiday period. 
wuhan report 19th jan #coronavirus 17 new cases. onset before 13th jan. 9 of them below 60yo, 8 of them above. 
The true scale of the SARS-like virus in China is likely far bigger than reported, some estimates 1,723 people infected. Fears that it will spread farther & faster with the Lunar New Year on the 25th. 2020 is the Year of the Rat. #Outbreak #Pandemic #Coronavirus #SaturdayMorning
China #coronavirus: at least three suspected cases found in Shenzhen, Shanghai, sources say #WuhanCluster #WuhanPneumonia https://www.scmp.com/news/china/society/article/3046681/china-coronavirus-least-three-suspected-cases-found-shenzhen via @scmpnews
There is a mystery deadly virus sweeping through south east Asia: could it be the next Sars? #WuhanCluster #WuhanPneumonia #Wuhan #coronavirus https://www.telegraph.co.uk/global-health/science-and-disease/mystery-deadly-virus-sweeping-south-east-asia-could-next-sars/?WT.mc_id=tmg_share_tw via @Telegraph
A crypto shitposter is now a leading expert on the #CoronaVirus next to the world health organization @WHO üòÇ pic.twitter.com/QvJc2tPdIF
"The #CoronaVirus has now spread to Shanghai and Shenzhen with no comment from China officials. Cases in Thailand, Singapore, Japan and India. #SARS and #BirdFlu was underestimated by a factor of 10x Current spread with 5-10 day incubation= it will be global &lt;28 days ‚è±"
#India issues travel advisory out of ‚Äòabundant caution‚Äô as new #coronavirus takes hold in #China https://on.rt.com/a99q
Canadian airports aren‚Äôt following U.S lead in actively screening travellers from China for new #coronavirus. Some doctors say it‚Äôs an appropriate and measured response ‚Å¶@CTVNews ‚Å¶@grahamslaughter‚Å©
CDC has updated information about an outbreak of novel #coronavirus in China with cases exported to Thailand and Japan. See new information for healthcare providers and laboratorians on who to test and what specimens to take to detect #2019-nCoV. https://bit.ly/2NyUyUo
#CoronaVirus: Health Ministry issues advisory for those visiting China http://ddnews.gov.in/health/corono-virus-health-ministry-issues-advisory-those-visiting-china
Concerns over new virus prompt rare airport screenings for some travelers. Passengers traveling to the US from #Wuhan China will undergo enhanced health screenings out of concern over a new #coronavirus that has killed 2 people in Asia, the @CDCgov said
Signage for Novel #coronavirus alert for passengers at #Delhi International airport, subsequent to the Advisory issued by @MoHFW_INDIA as a precautionary measure. #HealthForAll @PMOIndia @drharshvardhan @AshwiniKChoubey @NITIAayog @MoCA_GoI @AAI_Official
A Chinese Mystery Virus has likely infected hundreds, causing concern. #WHO #coronavirus #China VankaPro‚òÄÔ∏èüåäüåäüåä BBC News - New Chinese virus 'will have infected hundreds'
Recent Data Submissions to GISAID #Wuhan #pneumonia #coronavirus #WuhanCluster @AIDigest ht @arambaut http://bit.ly/2Tc3P8C
Scientists at Imperial College London have calculated that it will be much more widespread than acknowledged so far by official Chinese government figures. https://www.thetimes.co.uk/edition/news/china-may-be-covering-up-scale-of-mystery-virus-say-uk-experts-7szq0j200 #coronavirus #China
San Francisco International Airport will be among three airports where passengers from central China are screened for a new virus that has sickened dozens and killed two, prompting worries about a new international outbreak. #sfo #coronavirus 
China reported 4 more cases of #pneumonia believed to be caused by a new #coronavirus, causing concern globally that a disease health officials do not yet fully understand could spread during a key travel period, the Lunar New Year. https://www.cnbc.com/2020/01/18/china-reports-number-of-new-sars-like-virus-cases-has-risen.html #WuhanPneumoniae
#China reports new #Wuhan #coronavirus cases, raising concern globally before key holiday. #epidemic #IDTwitter #epiTwitter
Follow this thread by @ZulmaCucunuba on the current scientific events around the novel #Coronavirus #2019nCoV outbreak and the power of open science!
BREAKING NEWS! Study From London Research Centre Says almost Two Thousand People Infected With Mysterious Virus In China..more..https://www.thailandmedical.news/news/study-from-london-research-centre-says-almost-two-thousand-people-infected-with-mysterious-virus-in-china #pandemic #virus #China #pneumonia #coronavirus #deaths #epidemic #health #breakingnews #news
https://www.bitchute.com/video/1nD4bw08LR4/ New Chinese coronavirus now hits Japan and Thailand. (Bitchute) #Disease #Coronavirus
#coronavirus is new and we're just learning more. Excellent update from @CDC: http://bit.ly/30FfTkw. Good example of clear communication - what we know, what we don't know, what to do now, and some idea of what to expect -- including more cases. Useful information also @WHO
https://www.youtube.com/watch?v=1nD4bw08LR4 A new coronavirus type first seen in China has now emerged in Thailand and Japan. #Coronavirus #Epidemic
#China #coronavirus: at least three suspected cases found in #Shenzhen, #Shanghai, sources say https://www.scmp.com/news/china/society/article/3046681/china-coronavirus-least-three-suspected-cases-found-shenzhen via @scmpnews
Special health guidelines issued for Sri Lankans traveling to China due to mysteries China #Coronavirus / Wuhan Pneumonia - Health Ministry #LKA #SriLanka #HealthSL
"It was New Year‚Äôs Eve when I read of the first #pneumonia case contracted in a fish market in #Wuhan, China. In only 20 days the #coronavirus has spread to #Thailand &amp; #Japan &amp; fears are growing. The next days will signal how bad this #epidemic will be."
On Friday, CBP and the CDC implemented enhanced health screening for travelers entering the U.S. on direct or connecting flights from Wuhan, China due to an outbreak of pneumonia caused by a novel #coronavirus. Happy to report that on day 1 of this effort, we had no issues.
CDC has updated information about an outbreak of novel #coronavirus in China with cases exported to Thailand and Japan. See new information for healthcare providers and laboratorians on who to test and what specimens to take to detect #2019-nCoV. https://bit.ly/2NyUyUo
Here's the notice from LA Public Health on the LAX screening for Wuhan #coronavirus 
This report says US CDC (Centers for Disease Control) is set to begin screening of travelers from China at LAX (Los Angeles International), SFO (San Francisco), and JFK (NY) *tonight*. Similar risks to SARS. #wuhan #coronavirus 
Very good coverage by @CIDRAP about today's announcement. As Thailand notes 2nd nCoV case, @CDCgov begins #airport screening http://www.cidrap.umn.edu/news-perspective/2020/01/thailand-notes-2nd-ncov-case-cdc-begins-airport-screening #coronavirus #nCoV2019 #nCoV
LA County Monitoring Novel #Coronavirus as CDC Conducts Screenings at LAX. No cases have been identified in the United States. View https://bit.ly/2thSyZX for more.
#SFO will begin screening #passengers for the #coronavirus on Saturday when the first direct flight arrives from #Wuhan. Some passengers arriving from #Beijing say they had their temperature checked before boarding their flights to the #USA. #China https://abc7ne.ws/3ahULFg
#Thailand has found a second case of a new Chinese #coronavirus, authorities said on Friday, as they ramped up checks on Chinese visitors, nearly a million of whom are expected for Lunar New Year holidays next week. https://bangkokjack.com/2020/01/18/second-case-chinese-virus/
#Japan confirms its first case of the #SARS-like #coronavirus 
In response to an outbreak in China caused by a novel (new) #coronavirus, @CDCgov will begin health screenings of travelers arriving from #Wuhan, China at SFO. https://bit.ly/2v13H1J #novelcoronavirus #2019nCoV
According to health officials in Wuhan, #China, 136 new cases of the #coronavirus emerged during the weekend.
"Number of cases of novel #coronavirus in China has escalated, with #Wuhan now reporting ~200 people infected. Confirmed case in Shenzhen &amp; unconfirmed cases in Beijing &amp; Shanghai add to evidence that the virus can be transmitted from person to person."
Thanks to the rapid availability of #Wuhan #nCov sequences, here is a prediction of evolutionarily conserved cis-acting #RNAs in the first 500nt. As expected, many structurally homologous elements to #SARS #coronavirus https://doi.org/10.6084/m9.figshare.11659575 #China #CoV
Beijing has confirmed that for the first time, two people have been diagnosed with the #coronavirus. They have a history of traveling to Wuhan where most of the coronavirus-related #pneumonia cases have occurred. #Flu
#Chinaüá®üá≥ has reported to WHO 139 new cases of the novel #coronavirus (2019-nCoV) in #Wuhan, #Beijing and #Shenzhen over the past two days. This is the result of increased searching and testing for 2019-nCoV among people sick with respiratory illness.
Wuhan #nCoV outbreak quadruples, spreads within China http://ow.ly/NWK030qaECG #ncov2019 #Wuhan #coronavirus 
#Breaking: 2 #pneumonia cases caused by new type of #coronavirus were confirmed Sunday in #Beijing. The patients, who had traveled to #Wuhan, are in stable condition. (Photo: VCG) https://globaltimes.cn/content/1177375.shtml
BREAKING: The Chinese City of #Wuhan reports 136 new cases of a mutated type of a highly infectious #coronavirus. This brings the official total in that city to near 200, adfiutional sporadic cases now being reported outside #Wuhan. #WuhanPneumonia #WuhanCluster #China
one confirmed case in #shenzhen 66yo M 3rd Jan fever 18th confirmed eventually... #coronavirus #nCoV2019
"""The boundaries we hold dear aren't respected by infectious diseases"" The recent emergence of a novel #coronavirus in Wuhan, China &amp; its spread to other countries within weeks reminds us of the threat infectious diseases pose to all countries #NCDCSundayReflections"
59 new cases on 18th 77 new cases on 19th 1 new dead case 66 male 70 female 25 yo to 89 yo onset before 18th jan total case :198 thats a #h2h community outbreak i guess #coronavirus 
A 45-year-old Indian school teacher is undergoing treatment following the outbreak of a new strain of pneumonia spreading in the Chinese cities of Wuhan and Shenzhen. #coronavirus 
China #coronavirus: China CDC says new virus ‚Äòis not #SARS‚Äô, dismisses claims there has been a cover-up in the reporting of cases outside #Wuhan. But doctor in Shanghai says his hospital is preparing staff to deal with a possible #pneumonia outbreak. https://www.scmp.com/news/china/society/article/3046732/china-coronavirus-beijing-breaks-its-silence-only-deny-rumours
AFD Blog `China: National Health Commission Statement on Novel #Coronavirus' https://afludiary.blogspot.com/2020/01/china-national-health-commission.html
Two further PCR assays, developed by M. Peiris and L. Poon, for the detection of #nCoV2019 published on the @WHO website. #Coronavirus #WuhanPneumonia #Wuhan https://www.who.int/health-topics/coronavirus/laboratory-diagnostics-for-novel-coronavirus
2019-novel #coronavirus has triggered a health scare in China, infecting 62 people so far and killing two. Here is a guide to this latest health emergency #WuhanVirus #NovelCoronavirus (By @mukeshrawat705)
"New #Coronavirus Outbreak Kills 2 in China, Spreads to Japan and Thailand https://www.thedailybeast.com/new-coronavirus-outbreak-kills-2-in-china-spreads-to-japan-and-thailand?source=twitter&amp;via=mobile via @thedailybeast"
Also screen/isolate/treat the travellers coming from infective areas. #coronavirus 
#Delta78 min #LionRises #ItsHappening #HarryandMeghan #WhiteHats #RoyalFamily #Royals #NewsInAllForms #coronavirus #FutureProvesPast #FirstResponders #TipOfTheSpear High Res Link: https://i.ibb.co/5Mc6Vbc/1-18-Q.png All Q Proofs Archived On: http://memewarrior.net New World Ahead God Bless https://twitter.com/realDonaldTrump/status/1218527317116575744
A few more cases of the novel coronavirus discovered in Wuhan. Are we only seeing the tip of the iceberg? Regardless of the efficacy of person-to-person transmission, if there are enough people infected, even inefficient transmission would propagate this further. #coronavirus
#China: Guangdong Provincial Health Committee -- First confirmed case of #pneumonia in Guangong province (in Shenzen) with imported new #coronavirus infection #nCoV #Wahun ht @cmyeaton ht @crof http://bit.ly/365qshT
"Don't mean to interrupt re-litigating Qaddafi & #Libya's inability to avoid a few Shays' Rebellions, but this #coronavirus thread might yet interest markets: 139 new cases in 2 days &amp; just how capable/willing are various nations ""to continue preparedness activities"". #OOTT #oil"
.@CIDRAP @lisaschnirring : #Wuhan #nCoV outbreak quadruples, spreads within China #coronavirus http://bit.ly/30Cwl55
Not long before he's blamed for the #AustralianWildFires and #coronavirus. My bridge broke while biting into a plum last week. *shakes fist at brother-in-law who looks a bit like Corbyn. 
"Big surge in new #coronavirus cases in #Wuhan in last 2 days. Total Wuhan cases: 198 cases as of 1/19 22:00; 66 male, 70 female. Ages 25 to 89. 33 cases severe, 3 critical incl one new death. 2 cases reported in Beijing. So 200 cases reported in China. http://wjw.wuhan.gov.cn/front/web/showDetail/2020012009077"
This looks quite worrying‚ö†Ô∏è In just two days there have been 136 newly confirmed cases of the novel #coronavirus (#nCoV2019) in #Wuhan (China) Confirmed cases also reported in #Japan, #Thailand and #Shenzhen (near Hong Kong) Info from @WHO here: https://www.who.int/health-topics/coronavirus #nCoV
2 cases in #beijing #coronavirus #ncov2019
Just In: #Pneumonia cases caused by a new type of #coronavirus in Central China‚Äôs #Wuhan have rose to 198, with 25 recovered and 3 dead: Wuhan health authority on Sunday https://www.globaltimes.cn/content/1177375.shtml
"Read carefully. Bejing claims there are no cases Chinese cases outside #WuHan and no evidence of hu2human transmission. At least 8 ppl are already in jail for ""spreading rumors "" abt #Coronavirus: Beijing breaks silence, to 'deny rumours'. https://www.scmp.com/news/china/society/article/3046732/china-coronavirus-beijing-breaks-its-silence-only-deny-rumours via @GoogleNews"
Watch | #Coronavirus spreads beyond #China 17 more cases of #pneumonia caused by virus emerge More on this by @MollyGambhir
"In response to #WuhanPneumonia outbreak, China promised to step up monitoring during #LunarNewYear. Millions of Chinese travel to their families for the holiday. There have been &gt;60 confirmed cases of the new #coronavirus but UK experts estimate 1,700. https://www.bbc.com/news/health-51168333"
In pics | Here's what we know of the outbreak so far #coronavirus 
Reduce your risk of getting the #coronavirus #Infection by following this advice by the @WHO. @WHOSEARO @MoHFW_INDIA @fortis_hospital @HospitalsApollo @ManipalHealth @MaxHealthcare @Paras_Hospitals @medanta @ICMRDELHI @nathealthindia @ahpi_india
Breaking - Indian school teacher previously suspected of being a case of #coronavirus diagnosed with Streptococcal Infection, under treatment clarifies family reports @PTI_News
Watch | #India issues travel advisory to #China in wake of #coronavirus spread Sick travellers asked to seek medical care immediately More on this by @nischitav
This is gonna be very bad!! The west is only starting to even see it as a very minor threat at the moment, I expect the cases to grow exponentially within a week #coronavirus #Wuhan #novelcoronavirus #wuhanpneumonia #Pandemic
Two cases of the novel #coronavirus (2019-nCoV) identified in Wuhan, China have been detected outside the country ‚Äì in Thailand and Japan: 
In total, 62 cases of the novel #coronavirus have been identified in the city of #Wuhan, where the virus appears to have originated. #China
It wasn‚Äôt too tough to see this move coming https://www.latimes.com/science/story/2020-01-17/coronavirus-airports-lax-sfo-jfk-screening-china #publichealth #coronavirus
Seventeen more people in central China have been diagnosed with #coronavirus, a new form of viral pneumonia that has killed two patients and placed other countries on alert. https://wsvn.com/news/us-world/china-reports-17-new-cases-in-viral-pneumonia-outbreak/
What is a #coronavirus? Coronaviruses are a large family of viruses that are known to cause illness ranging from the common cold to more severe diseases such as Middle East Respiratory Syndrome (MERS) and Severe Acute Respiratory Syndrome (SARS) 
"Chinese #coronavirus screenings to begin at LAX, SFO &amp; JFK. Federal authorities will begin screening airline travelers arriving from #Wuhan, China, for signs that they may be infected with a new coronavirus that is spreading in Asia. https://www.latimes.com/science/story/2020-01-17/coronavirus-airports-lax-sfo-jfk-screening-china #pneumonia"
#China reports new #Wuhan virus cases https://today.thefinancialexpress.com.bd/world/china-reports-new-wuhan-virus-cases-1579360418 #coronavirus #FEworld via @febdonline
China virus: Infected numbers likely underestimated, says study, new cases reported. #coronavirus 
FACTBOX-New #coronavirus outbreak in Chinese city of #Wuhan
BIA on alert: Chinese passengers to be screened http://www.themorning.lk/bia-on-alert-chinese-passengers-to-be-screened/ #lk #BIA #pneumonia #Chinese #Coronavirus #News #WHO #TheSundayMorning
Perfect global stability moment for a #virus to make a break for it. Nah, surely world'll dodge another...But #oil demand might be crimped if suddenly Asia has to worry about disease instead of just trade. But we'll keep monitoring, right @mscullion? #coronavirus #coronaviruses
#Coronavirus: Australia's top health official says there is 'no current need' to enhance airport screening #WuhanCluster#WuhanCluster #WuhanPneumonia
The number of cases in an outbreak of a new strain of #coronavirus in Chinais likely to have been grossly underestimated, according to a mysterious virus. 
BBC News - New virus in #China 'will have infected hundreds' https://www.bbc.com/news/health-51148303 #virus #Coronavirus
Is ASEAN prepared to handle deadly China virus? #Wuhan #Coronavirus #China
#iTHiNKLabs Episode 106üî¥http://bit.ly/36d8ytG This week: #Coronavirus #Election2020 #CyberSecurity #Burisma #Career #Windows #Iran #Security #Impeachment #iOS #Entrepreneur #SIMSwapping #macOS #ImpeachedForever #Android #WuhanPneumonia #Russia #SmallBusiness #Wuhan #Windows7
China's coronavirus cases likely grossly underestimated, study says #China #coronavirus https://www.ctvnews.ca/health/china-s-coronavirus-cases-likely-grossly-underestimated-study-says-1.4773429
Coronavirus: more cases and second death reported in China #Coronavirus #NCO #China #TravelMedicine #PublicHealth
Thais find second case linked to mystery SARS-like virus, as two die in China https://www.hongkongfp.com/2020/01/18/thais-find-second-case-linked-mystery-sars-like-virus-two-die-china/ via @hongkongfp #coronavirus #Thailand
ANY NEWS ON AIRPORT SCREENING PROCEDURES FROM CHINA APART FROM SHOOTING ARRIVALS OR HAS THE PM FOUND A NEW WAY TO KILL US? #coronavirus #anybodygiveashitingovernment
"ICYMI here is the Thai MOH rundown on #WuhanPneumonia #NovelCoronavirus -- ""found confirmed #coronavirus pneumonia of the 2019 strain from a 2nd individual, which is currently under medical supervision at Bamrasnaradura Institute "" "
#BREAKING #Wuhan has 17 new cases of #coronavirus #wuhanvirus
Public Health Screening to Begin at 3 U.S. Airports for 2019 Novel #Coronavirus (‚Äú2019-nCoV‚Äù) | CDC Online Newsroom | CDC 
Fiji Boxing Team Warned Of 'Mystery Disease' Ahead Of Olympic Qualifiers In China https://fijisun.com.fj/?p=495557 #coronavirus #boxing #olympicqualifiers
